File,Mutation Rate,Fixation Success Rate,T_final,ConnectivityIndex
3_regular_21.txt,0.01,0.943584623065402,0.4653905641926277,2.0
3_regular_21.txt,0.01,0.8836744882675986,0.4751095106148894,2.0
pa_15.txt,0.01,0.9485771342985522,0.7128490791844795,15.0
pa_15.txt,0.01,0.9535696455317024,0.6795615651933178,15.0
4_regular_25.txt,0.01,0.9985022466300548,0.5990742596132108,2.0
4_regular_25.txt,0.01,0.8936595107338992,0.5679522682215176,2.0
3_regular_20.txt,0.01,0.8637044433349975,0.4698975746779939,2.0
3_regular_20.txt,0.01,0.928607089365951,0.4616682504800934,2.0
10_regular_47.txt,0.01,0.9335996005991014,0.7829414875311616,7.0
10_regular_47.txt,0.01,1.053419870194708,0.8299179489187087,7.0
6_regular_41.txt,0.01,0.8686969545681478,0.7020213803608952,3.0
6_regular_41.txt,0.01,0.9885172241637544,0.6916448544078064,3.0
10_regular_12.txt,0.01,1.018472291562656,0.8515395345610173,10.0
10_regular_12.txt,0.01,0.9985022466300548,0.8958531019619442,10.0
3_regular_30.txt,0.01,0.9735396904643036,0.390853970249319,2.0
3_regular_30.txt,0.01,0.928607089365951,0.3679723065998658,2.0
3_regular_39.txt,0.01,1.0134797803295057,0.2859986018531578,1.0
3_regular_39.txt,0.01,1.0783824263604591,0.3147432177081927,1.0
10_regular_17.txt,0.01,1.0683974038941588,0.8526027622642889,10.0
10_regular_17.txt,0.01,1.1532700948577137,0.8224467087071835,10.0
6_regular_21.txt,0.01,1.0983524712930604,0.7380479143687719,3.0
6_regular_21.txt,0.01,0.8836744882675986,0.718603336117026,3.0
10_regular_41.txt,0.01,1.0584123814278583,0.817858915253405,9.0
10_regular_41.txt,0.01,0.9485771342985522,0.8196440842092684,9.0
6_regular_37.txt,0.01,0.9885172241637544,0.7061155555824713,3.0
6_regular_37.txt,0.01,1.0234648027958064,0.6927687936056659,3.0
4_regular_26.txt,0.01,0.9535696455317024,0.6062179432187152,2.0
4_regular_26.txt,0.01,1.0084872690963556,0.6136276919352462,2.0
4_regular_47.txt,0.01,0.9335996005991014,0.4418337959585816,2.0
4_regular_47.txt,0.01,1.2281577633549676,0.4348957022034482,2.0
bn_6.txt,0.01,1.0883674488267598,0.7860146353959511,5.0
bn_6.txt,0.01,1.0484273589615578,0.8419410335378071,5.0
geo_9.txt,0.01,1.1033449825262107,0.5828133806028993,
geo_9.txt,0.01,0.983524712930604,0.4986096470502708,
10_regular_10.txt,0.01,1.018472291562656,0.9011359201165482,10.0
10_regular_10.txt,0.01,0.983524712930604,0.9346441576035224,10.0
6_regular_30.txt,0.01,0.8686969545681478,0.7469486169679478,3.0
6_regular_30.txt,0.01,0.9585621567648528,0.7488363318160288,3.0
3_regular_43.txt,0.01,1.1382925611582626,0.2494472316118266,2.0
3_regular_43.txt,0.01,1.0584123814278583,0.2291904389831591,2.0
10_regular_49.txt,0.01,1.0234648027958064,0.8072056962956424,5.0
10_regular_49.txt,0.01,1.018472291562656,0.8000536929790855,5.0
4_regular_29.txt,0.01,1.0134797803295057,0.6092374514222265,2.0
4_regular_29.txt,0.01,0.8936595107338992,0.5863340239468563,2.0
4_regular_6.txt,0.01,1.073389915127309,0.6992028796478698,4.0
4_regular_6.txt,0.01,0.983524712930604,0.6957648712111492,4.0
6_regular_49.txt,0.01,1.1582626060908636,0.6464526547047286,2.0
6_regular_49.txt,0.01,0.9935097353969048,0.6315543946029244,2.0
6_regular_6.txt,0.01,0.8836744882675986,0.7860729262175719,6.0
6_regular_6.txt,0.01,0.8187718422366451,0.8378120329386065,6.0
4_regular_38.txt,0.01,0.928607089365951,0.4824351889971802,2.0
4_regular_38.txt,0.01,1.018472291562656,0.4988619115820819,2.0
pa_11.txt,0.01,0.9685471792311532,0.6902506671086924,11.0
pa_11.txt,0.01,1.1882176734897656,0.65890272003029,11.0
3_regular_8.txt,0.01,0.853719420868697,0.5610678161030161,2.0
3_regular_8.txt,0.01,0.9136295556665004,0.568108621029885,2.0
10_regular_16.txt,0.01,1.1532700948577137,0.8782048626541233,10.0
10_regular_16.txt,0.01,0.9785322016974538,0.9114879337705892,10.0
10_regular_26.txt,0.01,1.0434348477284074,0.8539937816320103,9.0
10_regular_26.txt,0.01,0.8587119321018473,0.8968039857399424,9.0
10_regular_24.txt,0.01,0.943584623065402,0.8916057780173815,9.0
10_regular_24.txt,0.01,0.8487269096355468,0.8594958240267734,9.0
sw_4.txt,0.01,0.8886669995007489,0.8255344268794992,7.0
sw_4.txt,0.01,0.9785322016974538,0.8055952837456428,7.0
bn_1.txt,0.01,1.033449825262107,0.7602755915780414,2.0
bn_1.txt,0.01,1.0933599600599102,0.7714644188127638,2.0
6_regular_42.txt,0.01,0.9685471792311532,0.6763586660962504,3.0
6_regular_42.txt,0.01,1.128307538691962,0.6326784343197289,3.0
3_regular_16.txt,0.01,1.0284573140289566,0.481376566273765,2.0
3_regular_16.txt,0.01,1.018472291562656,0.5101134225838911,2.0
pa_3.txt,0.01,1.0983524712930604,0.3745354309209469,3.0
pa_3.txt,0.01,1.0833749375936097,0.3941505320003042,3.0
4_regular_20.txt,0.01,0.798801797304044,0.6158567906646929,2.0
4_regular_20.txt,0.01,0.8637044433349975,0.6286845634869818,2.0
10_regular_0.txt,0.01,0.8387418871692461,0.9234187678813618,10.0
10_regular_0.txt,0.01,1.0284573140289566,0.908898065612491,10.0
3_regular_11.txt,0.01,1.0134797803295057,0.5638714084498528,2.0
3_regular_11.txt,0.01,0.963554667998003,0.5368558033098624,2.0
sw_14.txt,0.01,0.8936595107338992,0.9148564512585524,19.0
sw_14.txt,0.01,0.9685471792311532,0.9373491384941284,19.0
4_regular_5.txt,0.01,1.018472291562656,0.7039689966943894,3.0
4_regular_5.txt,0.01,0.9585621567648528,0.7205161479696275,3.0
4_regular_8.txt,0.01,1.0234648027958064,0.718566799835452,3.0
4_regular_8.txt,0.01,0.9036445332001998,0.6714635564987287,3.0
bn_8.txt,0.01,0.9985022466300548,0.7880240198836514,5.0
bn_8.txt,0.01,0.983524712930604,0.8313959085010196,5.0
6_regular_35.txt,0.01,1.0134797803295057,0.6896974205102193,3.0
6_regular_35.txt,0.01,0.9685471792311532,0.7094949418118202,3.0
pa_14.txt,0.01,1.038442336495257,0.684735706976314,14.0
pa_14.txt,0.01,0.943584623065402,0.719748913940909,14.0
10_regular_33.txt,0.01,0.9535696455317024,0.8849653992041911,8.0
10_regular_33.txt,0.01,0.9385921118322516,0.8510283252467487,8.0
4_regular_37.txt,0.01,0.9735396904643036,0.5289454015916454,2.0
4_regular_37.txt,0.01,1.0134797803295057,0.5087939684787339,2.0
6_regular_22.txt,0.01,0.9535696455317024,0.7551264760122208,4.0
6_regular_22.txt,0.01,0.9186220668996504,0.7314237456127419,4.0
10_regular_23.txt,0.01,1.053419870194708,0.8380303201821294,10.0
10_regular_23.txt,0.01,1.073389915127309,0.8568855058324651,10.0
6_regular_7.txt,0.01,0.8487269096355468,0.8562892446663973,6.0
6_regular_7.txt,0.01,0.8487269096355468,0.7941873137505321,6.0
pa_7.txt,0.01,0.963554667998003,0.5774418486597983,7.0
pa_7.txt,0.01,1.033449825262107,0.5973600889405773,7.0
10_regular_34.txt,0.01,0.9785322016974538,0.8472806843842594,9.0
10_regular_34.txt,0.01,0.9985022466300548,0.8550615830830776,9.0
pa_16.txt,0.01,1.0484273589615578,0.7215349770491397,16.0
pa_16.txt,0.01,1.0584123814278583,0.6925136865987893,16.0
10_regular_35.txt,0.01,1.0833749375936097,0.8682013898325909,8.0
10_regular_35.txt,0.01,0.9885172241637544,0.8493096427843012,8.0
6_regular_28.txt,0.01,0.8836744882675986,0.7407451819992439,3.0
6_regular_28.txt,0.01,0.9335996005991014,0.741873985938345,3.0
3_regular_6.txt,0.01,0.8886669995007489,0.5364612089590695,2.0
3_regular_6.txt,0.01,1.0634048926610085,0.5840716886096462,2.0
3_regular_35.txt,0.01,1.073389915127309,0.3371159990169574,2.0
3_regular_35.txt,0.01,1.0883674488267598,0.3459994510141401,2.0
3_regular_33.txt,0.01,0.983524712930604,0.3754580656587612,1.0
3_regular_33.txt,0.01,0.9935097353969048,0.3938775768733795,1.0
6_regular_48.txt,0.01,0.9785322016974538,0.6500160278745645,2.0
6_regular_48.txt,0.01,0.9985022466300548,0.654315817532636,2.0
10_regular_5.txt,0.01,1.0584123814278583,0.9297364806541836,10.0
10_regular_5.txt,0.01,0.9335996005991014,0.903476859358443,10.0
geo_12.txt,0.01,0.9186220668996504,0.6345135572697712,
geo_12.txt,0.01,0.983524712930604,0.5997629941693736,
6_regular_38.txt,0.01,1.073389915127309,0.7120774208126834,3.0
6_regular_38.txt,0.01,1.053419870194708,0.7188492222516785,3.0
sw_13.txt,0.01,0.9385921118322516,0.922635085678564,18.0
sw_13.txt,0.01,0.9585621567648528,0.9334824466594612,18.0
4_regular_4.txt,0.01,0.9985022466300548,0.7019939070463324,4.0
4_regular_4.txt,0.01,0.963554667998003,0.7042942960175413,4.0
10_regular_19.txt,0.01,0.9685471792311532,0.8559497940815891,9.0
10_regular_19.txt,0.01,1.1133300049925112,0.8999100835682544,9.0
wm.txt,0.01,0.9945082376435348,0.998613591301704,999.0
wm.txt,0.01,1.0054917623564654,1.001390263645518,999.0
6_regular_15.txt,0.01,0.983524712930604,0.8377322735641475,5.0
6_regular_15.txt,0.01,0.9535696455317024,0.7929733791947279,5.0
sw_11.txt,0.01,0.9186220668996504,0.9449017589782448,15.0
sw_11.txt,0.01,1.018472291562656,0.9412859904980644,15.0
10_regular_20.txt,0.01,1.018472291562656,0.878885042503915,9.0
10_regular_20.txt,0.01,0.8936595107338992,0.87628915372894,9.0
10_regular_31.txt,0.01,0.983524712930604,0.8515395345610173,9.0
10_regular_31.txt,0.01,1.128307538691962,0.8740638774775855,9.0
4_regular_33.txt,0.01,0.8387418871692461,0.5482423762245884,2.0
4_regular_33.txt,0.01,0.9885172241637544,0.5523341054865513,2.0
3_regular_44.txt,0.01,0.9685471792311532,0.241209859686687,2.0
3_regular_44.txt,0.01,1.0983524712930604,0.2232881860661074,2.0
6_regular_12.txt,0.01,1.073389915127309,0.840752625174636,5.0
6_regular_12.txt,0.01,0.9585621567648528,0.8256352654182644,5.0
geo_6.txt,0.01,1.0584123814278583,0.4564585270369464,
geo_6.txt,0.01,1.108337493759361,0.4045298418783773,
10_regular_14.txt,0.01,1.0634048926610085,0.8848243675238808,10.0
10_regular_14.txt,0.01,1.0234648027958064,0.9562371471159306,10.0
4_regular_43.txt,0.01,0.9485771342985522,0.5032902581811315,2.0
4_regular_43.txt,0.01,0.9735396904643036,0.5074089950204155,2.0
4_regular_27.txt,0.01,0.9335996005991014,0.5779148120979014,2.0
4_regular_27.txt,0.01,1.0084872690963556,0.5813408371350933,2.0
bn_3.txt,0.01,0.9785322016974538,0.8129123287718987,5.0
bn_3.txt,0.01,0.9385921118322516,0.8138201621754615,5.0
pa_10.txt,0.01,1.0434348477284074,0.6283770856687074,10.0
pa_10.txt,0.01,1.053419870194708,0.6647128995661568,10.0
geo_1.txt,0.01,1.288067898152771,0.1558096221240032,
geo_1.txt,0.01,1.0584123814278583,0.1533338922423429,
10_regular_28.txt,0.01,1.143285072391413,0.846806861077168,9.0
10_regular_28.txt,0.01,1.0134797803295057,0.88799158439877,9.0
10_regular_21.txt,0.01,0.928607089365951,0.8690037656677678,10.0
10_regular_21.txt,0.01,0.9785322016974538,0.8828563045412384,10.0
6_regular_25.txt,0.01,1.0284573140289566,0.7571787133109182,4.0
6_regular_25.txt,0.01,1.0933599600599102,0.775148169939203,4.0
3_regular_19.txt,0.01,1.108337493759361,0.4742423240986948,2.0
3_regular_19.txt,0.01,0.90863704443335,0.4865161037944973,2.0
6_regular_5.txt,0.01,0.9935097353969048,0.8477766123945474,6.0
6_regular_5.txt,0.01,0.9186220668996504,0.8555745118002623,6.0
6_regular_16.txt,0.01,0.9036445332001998,0.7756122425222096,3.0
6_regular_16.txt,0.01,0.8986520219670494,0.7647272464923025,3.0
sw_20.txt,0.01,1.073389915127309,0.9307699829965912,29.0
sw_20.txt,0.01,0.9735396904643036,0.9562038183652214,29.0
3_regular_34.txt,0.01,1.038442336495257,0.346395202020202,1.0
3_regular_34.txt,0.01,0.9935097353969048,0.3641425537563048,1.0
6_regular_27.txt,0.01,1.018472291562656,0.7837006056043608,3.0
6_regular_27.txt,0.01,0.9036445332001998,0.7104817370136053,3.0
3_regular_24.txt,0.01,1.0584123814278583,0.4477382038112609,2.0
3_regular_24.txt,0.01,1.0234648027958064,0.4771505390095156,2.0
4_regular_30.txt,0.01,0.9236145781328008,0.6444455038123426,2.0
4_regular_30.txt,0.01,0.928607089365951,0.5750155655695764,2.0
6_regular_39.txt,0.01,0.9136295556665004,0.7084452336539455,3.0
6_regular_39.txt,0.01,0.9136295556665004,0.7011390833213066,3.0
sw_18.txt,0.01,1.0134797803295057,0.9390798603420571,27.0
sw_18.txt,0.01,0.983524712930604,0.940194898528988,27.0
6_regular_32.txt,0.01,0.9186220668996504,0.73494956530509,3.0
6_regular_32.txt,0.01,0.9535696455317024,0.7290102586466964,3.0
3_regular_13.txt,0.01,0.9335996005991014,0.5036255828468627,2.0
3_regular_13.txt,0.01,0.9535696455317024,0.5164329880012224,2.0
sw_8.txt,0.01,0.9136295556665004,0.903123456909656,10.0
sw_8.txt,0.01,0.9236145781328008,0.8891495450221244,10.0
geo_4.txt,0.01,0.9885172241637544,0.3267293196211399,
geo_4.txt,0.01,1.0584123814278583,0.3167977638755867,
6_regular_45.txt,0.01,0.963554667998003,0.6672234175875112,2.0
6_regular_45.txt,0.01,1.033449825262107,0.6886108674917243,2.0
4_regular_14.txt,0.01,1.0084872690963556,0.698684385959393,2.0
4_regular_14.txt,0.01,0.9036445332001998,0.6599871225200237,2.0
bn_4.txt,0.01,1.0284573140289566,0.7943103997384013,5.0
bn_4.txt,0.01,0.9685471792311532,0.7734269410443887,5.0
3_regular_0.txt,0.01,0.9236145781328008,0.6391474042107658,3.0
3_regular_0.txt,0.01,1.0034947578632052,0.5693319677434319,3.0
geo_5.txt,0.01,1.1183225162256616,0.3959340034297163,
geo_5.txt,0.01,0.9385921118322516,0.3993000916088047,
geo_8.txt,0.01,1.1033449825262107,0.5409568625449602,
geo_8.txt,0.01,0.9385921118322516,0.5020247338298469,
4_regular_15.txt,0.01,0.9236145781328008,0.6408001165124846,2.0
4_regular_15.txt,0.01,0.9785322016974538,0.6539084922233953,2.0
10_regular_7.txt,0.01,0.9335996005991014,0.8707690210846466,10.0
10_regular_7.txt,0.01,0.983524712930604,0.9120458461014972,10.0
6_regular_43.txt,0.01,0.9735396904643036,0.6510513583273191,2.0
6_regular_43.txt,0.01,0.9735396904643036,0.713725067104953,2.0
4_regular_19.txt,0.01,0.8637044433349975,0.6694770492203324,2.0
4_regular_19.txt,0.01,0.9735396904643036,0.6570286063659236,2.0
3_regular_10.txt,0.01,0.9585621567648528,0.5287900742413729,2.0
3_regular_10.txt,0.01,0.9385921118322516,0.5315466814981298,2.0
10_regular_37.txt,0.01,0.8487269096355468,0.8510578312725361,8.0
10_regular_37.txt,0.01,0.9785322016974538,0.8486744536863998,8.0
pa_13.txt,0.01,0.8437343984023964,0.6840076322443257,13.0
pa_13.txt,0.01,0.8686969545681478,0.6858756123278827,13.0
10_regular_42.txt,0.01,0.928607089365951,0.8200288706342397,8.0
10_regular_42.txt,0.01,0.943584623065402,0.8411923850406269,8.0
sw_6.txt,0.01,0.9935097353969048,0.8870457895487613,9.0
sw_6.txt,0.01,0.9935097353969048,0.8745687036356408,9.0
6_regular_46.txt,0.01,0.928607089365951,0.6720198787620297,3.0
6_regular_46.txt,0.01,0.9585621567648528,0.6656093770292468,3.0
6_regular_40.txt,0.01,0.9485771342985522,0.7074673029607089,3.0
6_regular_40.txt,0.01,0.9985022466300548,0.6752951243844486,3.0
10_regular_40.txt,0.01,1.0783824263604591,0.8418680842614488,8.0
10_regular_40.txt,0.01,1.0084872690963556,0.8034151299299747,8.0
sw_7.txt,0.01,0.983524712930604,0.9073649662160188,10.0
sw_7.txt,0.01,1.1233150274588115,0.9027458669727522,10.0
4_regular_21.txt,0.01,0.9735396904643036,0.5997845908512198,2.0
4_regular_21.txt,0.01,1.0683974038941588,0.6065206761392749,2.0
10_regular_15.txt,0.01,0.983524712930604,0.8837128001849333,10.0
10_regular_15.txt,0.01,0.943584623065402,0.888505860993578,10.0
6_regular_10.txt,0.01,1.0833749375936097,0.8631927581509669,6.0
6_regular_10.txt,0.01,0.9535696455317024,0.8073691882104067,6.0
geo_7.txt,0.01,0.9935097353969048,0.4652048796058012,
geo_7.txt,0.01,1.128307538691962,0.4781965194406251,
10_regular_4.txt,0.01,1.108337493759361,0.9451296247135044,10.0
10_regular_4.txt,0.01,0.963554667998003,0.8686282763077761,10.0
4_regular_3.txt,0.01,0.9685471792311532,0.7296843366783382,4.0
4_regular_3.txt,0.01,0.9885172241637544,0.6870567663202802,4.0
3_regular_36.txt,0.01,0.9685471792311532,0.3315088210625079,1.0
3_regular_36.txt,0.01,1.0683974038941588,0.3313933989412725,1.0
sw_19.txt,0.01,1.0683974038941588,0.975585598400194,27.0
sw_19.txt,0.01,0.9735396904643036,0.910807955348808,27.0
4_regular_0.txt,0.01,0.943584623065402,0.7316830766720634,4.0
4_regular_0.txt,0.01,0.9985022466300548,0.7253266708346163,4.0
4_regular_32.txt,0.01,1.0634048926610085,0.5521738924532076,2.0
4_regular_32.txt,0.01,1.0034947578632052,0.5509488904508485,2.0
10_regular_1.txt,0.01,0.9535696455317024,0.9168689904909442,10.0
10_regular_1.txt,0.01,1.0034947578632052,0.8911662310067566,10.0
10_regular_29.txt,0.01,0.853719420868697,0.8487485873495675,9.0
10_regular_29.txt,0.01,0.983524712930604,0.8343184204735932,9.0
3_regular_45.txt,0.01,0.8736894658012981,0.2130114775587008,1.0
3_regular_45.txt,0.01,0.9735396904643036,0.2245016679262357,1.0
sw_10.txt,0.01,1.033449825262107,0.9140370681765178,14.0
sw_10.txt,0.01,1.0034947578632052,0.9508622025411426,14.0
geo_2.txt,0.01,1.0883674488267598,0.1935992910009422,
geo_2.txt,0.01,1.183225162256615,0.2072727555541729,
4_regular_22.txt,0.01,1.0634048926610085,0.6211240219743632,2.0
4_regular_22.txt,0.01,0.90863704443335,0.6389635174699381,2.0
3_regular_26.txt,0.01,0.8936595107338992,0.4093479558340793,2.0
3_regular_26.txt,0.01,1.0034947578632052,0.4284986494184229,2.0
10_regular_48.txt,0.01,0.9535696455317024,0.795608502885529,8.0
10_regular_48.txt,0.01,0.8936595107338992,0.8267768949587131,8.0
3_regular_14.txt,0.01,1.0234648027958064,0.5134193019981439,2.0
3_regular_14.txt,0.01,1.033449825262107,0.5080988773348004,2.0
geo_11.txt,0.01,1.0134797803295057,0.5781906472724206,
geo_11.txt,0.01,1.1732401397903145,0.582419634004101,
geo_3.txt,0.01,1.0634048926610085,0.2979667524900494,
geo_3.txt,0.01,1.0234648027958064,0.2905056589200401,
bn_2.txt,0.01,1.033449825262107,0.7166092522709673,4.0
bn_2.txt,0.01,0.983524712930604,0.7858133336029168,4.0
3_regular_4.txt,0.01,0.9785322016974538,0.5687723478880179,2.0
3_regular_4.txt,0.01,1.018472291562656,0.5706394797535803,2.0
3_regular_2.txt,0.01,0.7938092860708937,0.5834893019694585,3.0
3_regular_2.txt,0.01,1.1183225162256616,0.5709559381626047,3.0
10_regular_45.txt,0.01,0.9735396904643036,0.8325386738260401,8.0
10_regular_45.txt,0.01,1.0484273589615578,0.8166788366542514,8.0
10_regular_38.txt,0.01,0.9685471792311532,0.8321257288447675,8.0
10_regular_38.txt,0.01,0.9535696455317024,0.8286189166524532,8.0
3_regular_17.txt,0.01,0.9685471792311532,0.4695437119189429,2.0
3_regular_17.txt,0.01,1.0434348477284074,0.4913583121395565,2.0
geo_13.txt,0.01,1.0434348477284074,0.6031314862112443,
geo_13.txt,0.01,1.0783824263604591,0.649284847168624,
pa_12.txt,0.01,0.9935097353969048,0.6445701957814257,12.0
pa_12.txt,0.01,0.9236145781328008,0.6560230965073917,12.0
sw_5.txt,0.01,1.0783824263604591,0.8322460050500093,7.0
sw_5.txt,0.01,0.9186220668996504,0.8268223326496132,7.0
3_regular_42.txt,0.01,1.0284573140289566,0.2849432113247432,1.0
3_regular_42.txt,0.01,1.0134797803295057,0.2525950779362861,1.0
3_regular_1.txt,0.01,0.8936595107338992,0.5575597923675218,2.0
3_regular_1.txt,0.01,0.9485771342985522,0.5771917275041551,2.0
6_regular_0.txt,0.01,1.073389915127309,0.8100250448097149,6.0
6_regular_0.txt,0.01,0.9186220668996504,0.8320663460097482,6.0
4_regular_40.txt,0.01,0.963554667998003,0.5131142779500799,2.0
4_regular_40.txt,0.01,0.9735396904643036,0.5145487803936235,2.0
pa_9.txt,0.01,0.90863704443335,0.6230965212999902,9.0
pa_9.txt,0.01,0.983524712930604,0.6435615761643503,9.0
3_regular_38.txt,0.01,0.9985022466300548,0.3167095613201141,2.0
3_regular_38.txt,0.01,1.033449825262107,0.3095951382066328,2.0
6_regular_47.txt,0.01,0.9985022466300548,0.6333743915953239,3.0
6_regular_47.txt,0.01,1.0683974038941588,0.6530020903952429,3.0
3_regular_49.txt,0.01,0.9236145781328008,0.1134884598070348,1.0
3_regular_49.txt,0.01,0.983524712930604,0.1148364690210794,1.0
6_regular_1.txt,0.01,0.9785322016974538,0.8289502917584244,6.0
6_regular_1.txt,0.01,0.9585621567648528,0.8238079256714387,6.0
10_regular_39.txt,0.01,1.038442336495257,0.8580521064648297,9.0
10_regular_39.txt,0.01,1.053419870194708,0.8210928738554278,9.0
geo_20.txt,0.01,0.9685471792311532,0.755951425797427,
geo_20.txt,0.01,0.963554667998003,0.7305610162986865,
10_regular_22.txt,0.01,0.8986520219670494,0.8969316127543366,9.0
10_regular_22.txt,0.01,0.9985022466300548,0.8628797409805735,9.0
3_regular_15.txt,0.01,0.928607089365951,0.5181559823528562,2.0
3_regular_15.txt,0.01,0.9935097353969048,0.4928886286752389,2.0
sw_15.txt,0.01,1.0134797803295057,0.95762529156674,21.0
sw_15.txt,0.01,1.018472291562656,1.0070684692504852,21.0
4_regular_12.txt,0.01,1.1333000499251125,0.7195679073298074,2.0
4_regular_12.txt,0.01,0.9885172241637544,0.6687973488243366,2.0
4_regular_34.txt,0.01,0.9985022466300548,0.5324514826074894,2.0
4_regular_34.txt,0.01,0.9985022466300548,0.5241687683475619,2.0
10_regular_6.txt,0.01,0.9385921118322516,0.8736676370203024,10.0
10_regular_6.txt,0.01,0.9935097353969048,0.8910691802270152,10.0
pa_2.txt,0.01,1.198202695956066,0.2708431572956712,2.0
pa_2.txt,0.01,1.1233150274588115,0.2616620848294434,2.0
10_regular_11.txt,0.01,1.0634048926610085,0.920066876436413,10.0
10_regular_11.txt,0.01,0.9585621567648528,0.8686913746731136,10.0
sw_2.txt,0.01,1.0284573140289566,0.5978846526105009,3.0
sw_2.txt,0.01,0.9535696455317024,0.6051874526372611,3.0
6_regular_24.txt,0.01,0.90863704443335,0.7984429569266589,3.0
6_regular_24.txt,0.01,1.0034947578632052,0.7589863723502244,3.0
sw_3.txt,0.01,1.0284573140289566,0.7765808473368366,4.0
sw_3.txt,0.01,1.0434348477284074,0.7442737615159112,4.0
4_regular_7.txt,0.01,1.0234648027958064,0.7371706621609019,4.0
4_regular_7.txt,0.01,1.0034947578632052,0.6674296631271645,4.0
geo_10.txt,0.01,0.9785322016974538,0.536385937632979,
geo_10.txt,0.01,1.0084872690963556,0.5388175938741229,
6_regular_34.txt,0.01,1.0034947578632052,0.7081117889449983,2.0
6_regular_34.txt,0.01,0.9735396904643036,0.6740653648426581,2.0
4_regular_11.txt,0.01,0.8936595107338992,0.6641846840047052,2.0
4_regular_11.txt,0.01,0.8387418871692461,0.6964620376882883,2.0
bn_7.txt,0.01,1.053419870194708,0.8294559649996442,5.0
bn_7.txt,0.01,0.928607089365951,0.7828074462853335,5.0
3_regular_23.txt,0.01,1.038442336495257,0.453674539405848,1.0
3_regular_23.txt,0.01,1.033449825262107,0.4284277971706779,1.0
6_regular_23.txt,0.01,1.018472291562656,0.7779253943949053,4.0
6_regular_23.txt,0.01,1.0084872690963556,0.7237160418538466,4.0
4_regular_44.txt,0.01,0.8936595107338992,0.470381924062991,2.0
4_regular_44.txt,0.01,1.0034947578632052,0.4607196483255951,2.0
3_regular_47.txt,0.01,0.9585621567648528,0.1631926001350646,2.0
3_regular_47.txt,0.01,0.853719420868697,0.1670911540156419,2.0
3_regular_40.txt,0.01,0.9136295556665004,0.305769066865973,2.0
3_regular_40.txt,0.01,0.9685471792311532,0.3030766681396376,2.0
4_regular_17.txt,0.01,0.9585621567648528,0.6696818057809112,2.0
4_regular_17.txt,0.01,0.9685471792311532,0.6786814514075336,2.0
4_regular_49.txt,0.01,0.9485771342985522,0.4295998636736273,2.0
4_regular_49.txt,0.01,0.9585621567648528,0.4630617168728529,2.0
4_regular_28.txt,0.01,1.018472291562656,0.5681037769519083,2.0
4_regular_28.txt,0.01,0.9186220668996504,0.5721866776265343,2.0
sw_12.txt,0.01,0.9985022466300548,0.9568669087626432,17.0
sw_12.txt,0.01,0.8736894658012981,1.003782587828138,17.0
6_regular_29.txt,0.01,0.8237643534697954,0.7371100781858728,3.0
6_regular_29.txt,0.01,0.983524712930604,0.7479620491289293,3.0
3_regular_25.txt,0.01,0.8836744882675986,0.4247329405229174,2.0
3_regular_25.txt,0.01,0.963554667998003,0.4334890183940737,2.0
geo_19.txt,0.01,0.8986520219670494,0.7100566356591507,
geo_19.txt,0.01,0.8986520219670494,0.7023332474968113,
6_regular_20.txt,0.01,0.8637044433349975,0.7678205710748482,4.0
6_regular_20.txt,0.01,0.9585621567648528,0.766723657496075,4.0
sw_16.txt,0.01,0.9985022466300548,0.9527814096016344,21.0
sw_16.txt,0.01,1.0484273589615578,0.9155101407853514,21.0
3_regular_12.txt,0.01,0.8237643534697954,0.5324928213003294,2.0
3_regular_12.txt,0.01,0.8686969545681478,0.5114991944531877,2.0
3_regular_22.txt,0.01,0.9585621567648528,0.4603240324920792,2.0
3_regular_22.txt,0.01,0.9585621567648528,0.4673492394332325,2.0
3_regular_31.txt,0.01,1.038442336495257,0.3944505527034684,2.0
3_regular_31.txt,0.01,0.8886669995007489,0.3972966181105716,2.0
pa_5.txt,0.01,1.0434348477284074,0.5267463660902858,5.0
pa_5.txt,0.01,1.0434348477284074,0.5454257870836534,5.0
4_regular_2.txt,0.01,1.0134797803295057,0.7277566688252413,4.0
4_regular_2.txt,0.01,0.9535696455317024,0.7194469168863583,4.0
6_regular_2.txt,0.01,0.9935097353969048,0.8143516166150697,6.0
6_regular_2.txt,0.01,0.9685471792311532,0.8190711773084022,6.0
4_regular_10.txt,0.01,0.8487269096355468,0.6897392402592217,3.0
4_regular_10.txt,0.01,0.928607089365951,0.7475915762071773,3.0
3_regular_27.txt,0.01,1.0234648027958064,0.415944866089345,2.0
3_regular_27.txt,0.01,0.9935097353969048,0.402393812066987,2.0
geo_15.txt,0.01,0.9535696455317024,0.6711002679298604,
geo_15.txt,0.01,0.8836744882675986,0.6772091611743472,
3_regular_41.txt,0.01,0.9335996005991014,0.266108169483402,2.0
3_regular_41.txt,0.01,1.0034947578632052,0.2720962048948397,2.0
4_regular_36.txt,0.01,0.963554667998003,0.5121411942986405,2.0
4_regular_36.txt,0.01,0.9535696455317024,0.5394033776141118,2.0
6_regular_19.txt,0.01,1.0883674488267598,0.7874598787371235,4.0
6_regular_19.txt,0.01,1.033449825262107,0.8248598811841963,4.0
4_regular_23.txt,0.01,1.033449825262107,0.6047276183363285,2.0
4_regular_23.txt,0.01,0.90863704443335,0.6155617295356756,2.0
4_regular_13.txt,0.01,0.9186220668996504,0.6840166609223638,2.0
4_regular_13.txt,0.01,0.90863704443335,0.6664816069188052,2.0
6_regular_17.txt,0.01,0.9735396904643036,0.7909239527670421,4.0
6_regular_17.txt,0.01,1.018472291562656,0.8292553910272823,4.0
10_regular_27.txt,0.01,1.053419870194708,0.8467607377779874,9.0
10_regular_27.txt,0.01,1.0084872690963556,0.8684471216959787,9.0
geo_17.txt,0.01,0.9985022466300548,0.7319471865357996,
geo_17.txt,0.01,1.073389915127309,0.6771157576250318,
geo_14.txt,0.01,0.8836744882675986,0.6779336669801571,
geo_14.txt,0.01,0.9535696455317024,0.6546051061799093,
10_regular_36.txt,0.01,0.9985022466300548,0.8161500541607533,9.0
10_regular_36.txt,0.01,0.943584623065402,0.8439704312263621,9.0
10_regular_30.txt,0.01,0.9785322016974538,0.8396174445294567,10.0
10_regular_30.txt,0.01,1.0034947578632052,0.8656858122907185,10.0
3_regular_29.txt,0.01,0.983524712930604,0.412475899885027,2.0
3_regular_29.txt,0.01,1.0084872690963556,0.3950854320736655,2.0
4_regular_31.txt,0.01,0.983524712930604,0.5676156410384356,2.0
4_regular_31.txt,0.01,0.9585621567648528,0.5907066139777593,2.0
10_regular_8.txt,0.01,1.038442336495257,0.9487904808985288,10.0
10_regular_8.txt,0.01,0.9885172241637544,0.8968781429623605,10.0
bn_9.txt,0.01,1.0034947578632052,0.812521450385802,5.0
bn_9.txt,0.01,1.0234648027958064,0.7581856015346224,5.0
10_regular_43.txt,0.01,0.9335996005991014,0.7962931345047012,7.0
10_regular_43.txt,0.01,0.9585621567648528,0.7744312398398621,7.0
6_regular_13.txt,0.01,0.9335996005991014,0.7793136694638554,6.0
6_regular_13.txt,0.01,1.033449825262107,0.8082884897011291,6.0
4_regular_46.txt,0.01,0.9785322016974538,0.4231951980835889,2.0
4_regular_46.txt,0.01,0.9036445332001998,0.4297582079374879,2.0
pa_8.txt,0.01,1.0584123814278583,0.583320721867781,8.0
pa_8.txt,0.01,1.053419870194708,0.6329678010382384,8.0
10_regular_3.txt,0.01,0.853719420868697,0.8836441524140819,10.0
10_regular_3.txt,0.01,1.0683974038941588,0.8897670017379956,10.0
6_regular_8.txt,0.01,1.073389915127309,0.791511875567473,5.0
6_regular_8.txt,0.01,1.033449825262107,0.8622017839811433,5.0
4_regular_45.txt,0.01,1.0084872690963556,0.4681387433162327,2.0
4_regular_45.txt,0.01,0.928607089365951,0.4631444885799404,2.0
4_regular_42.txt,0.01,1.038442336495257,0.4630709122681599,2.0
4_regular_42.txt,0.01,0.963554667998003,0.5205316853817212,2.0
4_regular_24.txt,0.01,1.0584123814278583,0.6046609768461557,2.0
4_regular_24.txt,0.01,0.963554667998003,0.5906467667992199,2.0
geo_16.txt,0.01,0.983524712930604,0.6954961443882245,
geo_16.txt,0.01,0.928607089365951,0.7318828639669074,
4_regular_35.txt,0.01,0.9885172241637544,0.5638305074500559,2.0
4_regular_35.txt,0.01,0.8786819770344484,0.531696358846149,2.0
4_regular_16.txt,0.01,0.9785322016974538,0.6861238324597163,2.0
4_regular_16.txt,0.01,1.0434348477284074,0.6434292848815953,2.0
10_regular_46.txt,0.01,1.0434348477284074,0.7794048343215438,7.0
10_regular_46.txt,0.01,1.073389915127309,0.8220567524645671,7.0
10_regular_25.txt,0.01,1.0084872690963556,0.8225685552427917,8.0
10_regular_25.txt,0.01,0.9735396904643036,0.8638226741493952,8.0
4_regular_1.txt,0.01,0.9186220668996504,0.7106527863911537,4.0
4_regular_1.txt,0.01,1.073389915127309,0.7082289966212368,4.0
6_regular_31.txt,0.01,1.0084872690963556,0.7492489622023158,3.0
6_regular_31.txt,0.01,0.8986520219670494,0.74365190853327,3.0
4_regular_9.txt,0.01,1.018472291562656,0.7022296134463397,3.0
4_regular_9.txt,0.01,1.0034947578632052,0.7106192195761148,3.0
4_regular_41.txt,0.01,1.0434348477284074,0.5258027348396108,2.0
4_regular_41.txt,0.01,0.9885172241637544,0.49005106597598,2.0
3_regular_48.txt,0.01,0.8786819770344484,0.1568713946956828,1.0
3_regular_48.txt,0.01,0.9985022466300548,0.1493626921931395,1.0
pa_6.txt,0.01,1.1682476285571644,0.5746747645909267,6.0
pa_6.txt,0.01,1.018472291562656,0.589326487985049,6.0
pa_4.txt,0.01,1.1782326510234649,0.4830217697501967,4.0
pa_4.txt,0.01,1.1582626060908636,0.4805388496613772,4.0
geo_18.txt,0.01,0.9186220668996504,0.7712220353641335,
geo_18.txt,0.01,0.9785322016974538,0.7121491830813864,
10_regular_32.txt,0.01,0.9485771342985522,0.8343512570194692,8.0
10_regular_32.txt,0.01,1.1382925611582626,0.8280686833966002,8.0
3_regular_9.txt,0.01,1.073389915127309,0.5483326161537068,2.0
3_regular_9.txt,0.01,1.0833749375936097,0.5599919552857974,2.0
4_regular_39.txt,0.01,0.9585621567648528,0.5168954564194865,2.0
4_regular_39.txt,0.01,0.9585621567648528,0.543494195491105,2.0
3_regular_5.txt,0.01,0.9785322016974538,0.5650142590272847,2.0
3_regular_5.txt,0.01,1.0634048926610085,0.5388698887335498,2.0
3_regular_3.txt,0.01,0.9985022466300548,0.5678851874355417,2.0
3_regular_3.txt,0.01,1.0234648027958064,0.5814720245761328,2.0
sw_9.txt,0.01,1.038442336495257,0.9176248489928264,13.0
sw_9.txt,0.01,0.8736894658012981,0.9415786434737666,13.0
6_regular_4.txt,0.01,1.053419870194708,0.7883863475390105,6.0
6_regular_4.txt,0.01,0.8886669995007489,0.8245959115549316,6.0
6_regular_33.txt,0.01,0.9935097353969048,0.7210285466927423,3.0
6_regular_33.txt,0.01,1.038442336495257,0.7747438487145922,3.0
3_regular_18.txt,0.01,1.0084872690963556,0.5038971043445096,2.0
3_regular_18.txt,0.01,1.0833749375936097,0.4940650099896395,2.0
sw_17.txt,0.01,0.9735396904643036,0.9526899357977884,24.0
sw_17.txt,0.01,0.9985022466300548,0.9171250130277208,24.0
6_regular_44.txt,0.01,0.8686969545681478,0.7241902700419713,3.0
6_regular_44.txt,0.01,0.8886669995007489,0.6950753144248696,3.0
3_regular_32.txt,0.01,0.9935097353969048,0.3820147273233621,1.0
3_regular_32.txt,0.01,1.0134797803295057,0.3631529974226603,1.0
6_regular_36.txt,0.01,0.8836744882675986,0.7042156013033801,3.0
6_regular_36.txt,0.01,0.9335996005991014,0.7067329475284088,3.0
3_regular_46.txt,0.01,0.9385921118322516,0.2049194841714448,2.0
3_regular_46.txt,0.01,1.018472291562656,0.1985180944435458,2.0
10_regular_2.txt,0.01,0.9036445332001998,0.8885769592031536,10.0
10_regular_2.txt,0.01,1.0783824263604591,0.9652238249963784,10.0
4_regular_48.txt,0.01,1.018472291562656,0.4236988416988417,2.0
4_regular_48.txt,0.01,0.9985022466300548,0.4667314145153268,2.0
6_regular_18.txt,0.01,1.033449825262107,0.7513153231522649,4.0
6_regular_18.txt,0.01,1.038442336495257,0.7629520752766271,4.0
6_regular_9.txt,0.01,0.9236145781328008,0.839779209461114,6.0
6_regular_9.txt,0.01,0.8836744882675986,0.7859934408768866,6.0
bn_5.txt,0.01,0.9585621567648528,0.7963733569201451,5.0
bn_5.txt,0.01,1.0284573140289566,0.7811266369548578,5.0
10_regular_9.txt,0.01,0.9885172241637544,0.9085368704440347,10.0
10_regular_9.txt,0.01,0.9485771342985522,0.8837948566350015,10.0
10_regular_44.txt,0.01,1.0034947578632052,0.8305741706038755,7.0
10_regular_44.txt,0.01,1.073389915127309,0.8502277852419955,7.0
10_regular_18.txt,0.01,1.053419870194708,0.9191511795195206,10.0
10_regular_18.txt,0.01,0.8786819770344484,0.8364341836011828,10.0
6_regular_11.txt,0.01,1.0134797803295057,0.8132922374031092,5.0
6_regular_11.txt,0.01,0.9585621567648528,0.8062442520588865,5.0
3_regular_28.txt,0.01,1.0484273589615578,0.4298572323913805,2.0
3_regular_28.txt,0.01,1.0284573140289566,0.3959474488496476,2.0
3_regular_7.txt,0.01,0.8587119321018473,0.5277686305795551,2.0
3_regular_7.txt,0.01,0.9985022466300548,0.5445978278511934,2.0
6_regular_3.txt,0.01,0.9385921118322516,0.8322757082310952,6.0
6_regular_3.txt,0.01,0.8786819770344484,0.8128259066129414,6.0
6_regular_14.txt,0.01,1.0683974038941588,0.7947326986420651,4.0
6_regular_14.txt,0.01,1.0084872690963556,0.8180382300115062,4.0
10_regular_13.txt,0.01,0.9785322016974538,0.9101449756162292,10.0
10_regular_13.txt,0.01,0.9935097353969048,0.8591601576891902,10.0
4_regular_18.txt,0.01,0.9036445332001998,0.6736856321980208,2.0
4_regular_18.txt,0.01,0.9585621567648528,0.6904938861984575,2.0
6_regular_26.txt,0.01,0.9186220668996504,0.770986176730223,3.0
6_regular_26.txt,0.01,1.0584123814278583,0.7685101117041347,3.0
sw_1.txt,0.01,1.033449825262107,0.3729003757895578,2.0
sw_1.txt,0.01,1.073389915127309,0.3746256847719569,2.0
3_regular_37.txt,0.01,1.0034947578632052,0.3163486583281331,1.0
3_regular_37.txt,0.01,1.0484273589615578,0.3410729042496398,1.0
